"Request Packet","Destination Port",Count
UwAAAAAAAAAAAAAAAAAAAAAAAAAAAAAAAAAAAAAAAAAAAAAAAAAAAAAAAAAAAAAA,123,152494
"FwADKgAAAAA=",123,12000
EwAAAAAAAAAAAAAAAAAAAAAAAAAAAAAAAAAAAAAAAAAAAAAAAAAAAOPTZ2NFfaAA,123,2380
FwADKgAAAAAAAAAAAAAAAAAAAAAAAAAAAAAAAAAAAAAAAAAAAAAAAAAAAAAAAAAAAAAAAAAAAAAAAAAAAAAAAAAAAAAAAAAAAAAAAAAAAAAAAAAAAAAAAAAAAAAAAAAAAAAAAAAAAAAAAAAAAAAAAAAAAAAAAAAAAAAAAAAAAAAAAAAAAAAAAAAAAAAAAAAAAAAAAAAAAAAAAAAAAAAAAAAAAAAAAAAAAAAAAAAAAAAAAAAAAAAAAAAAAAAAAAAA,123,158
"4wAE+gABAAAAAQAAAAAAAAAAAAAAAAAAAAAAAAAAAAAAAAAAAAAAAMVPI0txsVLz",123,137
"TS1TRUFSQ0ggKiBIVFRQLzEuMQ0KSG9zdDoyMzkuMjU1LjI1NS4yNTA6MTkwMA0KU1Q6dXBucDpyb290ZGV2aWNlDQpNYW46InNzZHA6ZGlzY292ZXIiDQpNWDozDQoNCg==",1900,74
"AQ==",19,33
GwAAAAAAAAAAAAAAAAAAAAAAAAAAAAAAAAAAAAAAAAAAAAAAAAAAAAAAAAAAAAAA,123,31
"Cg==",19,20
TS1TRUFSQ0ggKiBIVFRQLzEuMQ0KSG9zdDoyMzkuMjU1LjI1NS4yNTA6MTkwMA0KU1Q6dXBucDpyb290ZGV2aWNlDQpNYW46InNzZHA6ZGlzY292ZXIiDQpNWDozDQoNCg0K,1900,20
